ClusterName,Unbiased Ellenberg,UnbiasedEllenberg-NM,LIMBO,Bunch,JSDivergence,
ipc.ss,0.20417122067297974,0.04075947447785018,0.1375042096030319,0.13620071684587814,0.621733263424201,
net.ss,0.11572866485574927,0.015727863694747105,0.007443942846305725,0.5221105527638191,0.7884178160069835,
lib.ss,0.07015285370628761,0.002184198712429029,0.020845436701770845,0.08945527236381809,0.7735952312998172,
sched.ss,0.13375214460433005,0.013160737509006313,0.0293142956308713,0.13263525305410123,0.793024399896982,
fs.ss,0.11116287233477438,0.0048485750452722425,0.0023667129926775517,0.5393738647291377,0.8738631602364834,
init.ss,0.037037037037037035,0.0012578616352201257,0.4784592506353704,0.06451612903225806,0.7478259067622346,
mm.ss,0.2513049702298685,0.012178471508516007,0.057800680893320903,0.1864406779661017,0.6486417866689589,
